id,munsell,measured_L,measured_a,measured_b,n_stickers,max_inter_sticker_dE2000
A1,N9.5,,,,,
A2,5R 4/12,,,,,
A3,5YR 6/12,,,,,
A4,5Y 8/10,,,,,
A5,2.5G 5/8,,,,,
A6,5B 5/6,,,,,
A7,7.5PB 3/10,,,,,
A8,5P 3/10,,,,,
A9,2.5RP 5/12,,,,,
A10,N2,,,,,
B1,5G 3/4,,,,,
B2,2.5G 4/6,,,,,
B3,7.5GY 3/4,,,,,
B4,5GY 4/6,,,,,
B5,7.5GY 5/8,,,,,
B6,5GY 6/8,,,,,
B7,2.5GY 7/8,,,,,
B8,5Y 8/6,,,,,
B9,5BG 5/4,,,,,
B10,7.5G 5/6,,,,,
C1,2.5Y 7/10,,,,,
C2,7.5YR 6/10,,,,,
C3,2.5R 4/10,,,,,
C4,2.5R 3/8,,,,,
C5,5RP 3/8,,,,,
C6,5RP 5/10,,,,,
C7,5YR 3/4,,,,,
C8,7.5YR 4/4,,,,,
C9,2.5Y 9/2,,,,,
C10,7.5YR 7/4,,,,,
D1,10R 3/6,,,,,
D2,10R 4/8,,,,,
D3,2.5YR 3/4,,,,,
D4,2.5YR 4/6,,,,,
D5,2.5YR 6/4,,,,,
D6,5YR 2.5/1,,,,,
D7,5YR 4/4,,,,,
D8,5YR 5/8,,,,,
D9,7.5YR 2.5/2,,,,,
D10,7.5YR 4/2,,,,,
E1,7.5YR 5/6,,,,,
E2,10YR 2/1,,,,,
E3,10YR 3/2,,,,,
E4,10YR 4/1,,,,,
E5,10YR 5/3,,,,,
E6,10YR 6/1,,,,,
E7,10YR 6/8,,,,,
E8,10YR 7/3,,,,,
E9,2.5Y 6/6,,,,,
E10,2.5Y 7/1,,,,,
G1,N9.5,,,,,
G2,N9,,,,,
G3,N8,,,,,
G4,N7,,,,,
G5,N6,,,,,
G6,N5,,,,,
G7,N4,,,,,
G8,N3.5,,,,,
G9,N3,,,,,
G10,N2.5,,,,,
G11,N2,,,,,
G12,N1.5,,,,,
