id,group,row,col,label,munsell,munsell_requested,xyY_C,Lab_D50,sRGB_D65,sRGB_in_gamut,CMYK_generic_pct,gamut_dE2000,centre_mm,u,v,size_mm
A1,calibration,1,1,white anchor,N9.5,N9.5,0.31006 0.31616 0.87756,95.06 0.0 -0.0,#F1F1F1,True,3.9 3.1 2.4 0.0,0.37,25.0 24.0,0.1218,0.1957,9.0 9.0
A2,calibration,1,2,red,5R 4/12,5R 4/12,0.5385 0.3129 0.11701,41.23 52.98 26.76,#B12F39,True,9.0 91.4 73.7 14.5,1.02,35.0 24.0,0.2059,0.1957,9.0 9.0
A3,calibration,1,3,orange,5YR 6/12,5YR 6/12,0.5199 0.4119 0.29301,61.66 33.6 64.11,#DB7B17,True,1.2 53.7 98.4 4.3,2.45,45.0 24.0,0.2899,0.1957,9.0 9.0
A4,calibration,1,4,yellow,5Y 8/10,5Y 8/12,0.4376 0.4601 0.5762,81.09 1.16 70.56,#E6C737,True,3.5 12.2 90.6 4.7,0.99,55.0 24.0,0.3739,0.1957,9.0 9.0
A5,calibration,1,5,green,2.5G 5/8,2.5G 5/10,0.271 0.438 0.19272,51.08 -40.04 19.77,#228B56,True,80.4 11.8 81.2 11.0,0.48,65.0 24.0,0.458,0.1957,9.0 9.0
A6,calibration,1,6,cyan,5B 5/6,5B 5/8,0.2215 0.2701 0.19272,50.64 -20.86 -19.88,#2D849A,True,78.8 25.1 20.8 8.2,0.7,75.0 24.0,0.542,0.1957,9.0 9.0
A7,calibration,1,7,blue,7.5PB 3/10,7.5PB 3/12,0.2005 0.1536 0.06391,29.57 14.04 -43.14,#35408A,True,90.2 81.2 3.1 3.9,2.03,85.0 24.0,0.6261,0.1957,9.0 9.0
A8,calibration,1,8,purple,5P 3/10,5P 3/10,0.2772 0.1707 0.06391,29.95 34.21 -32.24,#66307A,True,66.3 93.3 2.4 5.1,1.3,95.0 24.0,0.7101,0.1957,9.0 9.0
A9,calibration,1,9,magenta,2.5RP 5/12,2.5RP 5/12,0.3635 0.2325 0.19272,50.99 48.58 -15.44,#BC5395,True,20.4 77.3 1.2 0.4,1.45,105.0 24.0,0.7941,0.1957,9.0 9.0
A10,calibration,1,10,black anchor,N2,N2,0.31006 0.31616 0.03048,20.24 0.0 0.0,#313131,True,79.2 75.3 71.4 40.4,1.46,115.0 24.0,0.8782,0.1957,9.0 9.0
B1,plant,2,1,deep green leaf,5G 3/4,5G 3/4,0.2711 0.378 0.06391,30.38 -19.78 6.01,#24503D,True,81.2 35.7 72.2 40.8,0.21,25.0 34.0,0.1218,0.3406,9.0 9.0
B2,plant,2,2,dark green leaf,2.5G 4/6,2.5G 4/6,0.2735 0.4215 0.11701,40.79 -30.74 14.46,#246D47,True,82.7 23.1 80.8 24.7,0.68,35.0 34.0,0.2059,0.3406,9.0 9.0
B3,plant,2,3,dark leaf green,7.5GY 3/4,7.5GY 3/4,0.327 0.4288 0.06391,30.5 -14.67 17.12,#374E2C,True,67.1 34.9 87.8 45.9,0.85,45.0 34.0,0.2899,0.3406,9.0 9.0
B4,plant,2,4,leaf green,5GY 4/6,5GY 4/6,0.3718 0.4852 0.11701,40.98 -16.45 35.79,#536821,True,44.7 19.6 93.7 40.4,2.65,55.0 34.0,0.3739,0.3406,9.0 9.0
B5,plant,2,5,bright leaf green,7.5GY 5/8,7.5GY 5/8,0.3412 0.4976 0.19272,51.25 -29.31 39.85,#558730,True,57.6 11.0 94.1 22.4,2.1,65.0 34.0,0.458,0.3406,9.0 9.0
B6,plant,2,6,light green leaf,5GY 6/8,5GY 6/8,0.3772 0.488 0.29301,61.39 -21.35 50.35,#839E32,True,39.6 7.5 94.9 16.5,1.38,75.0 34.0,0.542,0.3406,9.0 9.0
B7,plant,2,7,chlorotic yellow-green,2.5GY 7/8,2.5GY 7/8,0.3919 0.4684 0.41985,71.27 -14.9 54.61,#ABB543,True,27.1 7.1 89.4 9.0,0.71,85.0 34.0,0.6261,0.3406,9.0 9.0
B8,plant,2,8,pale chlorotic yellow,5Y 8/6,5Y 8/6,0.3913 0.4117 0.5762,80.94 -0.39 43.35,#DCC876,True,10.6 14.1 61.2 1.6,0.66,95.0 34.0,0.7101,0.3406,9.0 9.0
B9,plant,2,9,glaucous blue-green,5BG 5/4,5BG 5/4,0.2591 0.3246 0.19272,50.89 -20.49 -3.44,#4B837E,True,71.4 28.2 43.5 7.5,0.48,105.0 34.0,0.7941,0.3406,9.0 9.0
B10,plant,2,10,green stem,7.5G 5/6,7.5G 5/6,0.2598 0.3724 0.19272,50.98 -31.39 6.42,#34886D,True,77.6 19.2 59.6 9.4,0.9,115.0 34.0,0.8782,0.3406,9.0 9.0
C1,plant,3,1,senescent yellow,2.5Y 7/10,2.5Y 7/10,0.4606 0.4516 0.41985,71.42 9.91 67.33,#D7A725,True,3.5 25.5 95.7 9.4,1.06,25.0 44.0,0.1218,0.4855,9.0 9.0
C2,plant,3,2,senescent orange,7.5YR 6/10,7.5YR 6/10,0.4904 0.422 0.29301,61.6 23.67 58.56,#CC8325,True,4.3 45.5 95.3 9.4,1.92,35.0 44.0,0.2059,0.4855,9.0 9.0
C3,plant,3,3,anthocyanin red,2.5R 4/10,2.5R 4/10,0.4774 0.2969 0.11701,41.09 45.83 14.23,#A53A4C,True,15.3 87.5 52.9 14.9,0.39,45.0 44.0,0.2899,0.4855,9.0 9.0
C4,plant,3,4,dark anthocyanin red,2.5R 3/8,2.5R 3/8,0.4821 0.2918 0.06391,30.67 39.6 11.23,#802739,True,21.6 91.4 57.3 31.4,0.82,55.0 44.0,0.3739,0.4855,9.0 9.0
C5,plant,3,5,anthocyanin purple-red,5RP 3/8,5RP 3/8,0.393 0.2395 0.06391,30.45 37.86 -6.85,#782A54,True,34.1 90.6 24.3 25.9,0.54,65.0 44.0,0.458,0.4855,9.0 9.0
C6,plant,3,6,pink-purple petiole/petal,5RP 5/10,5RP 5/10,0.388 0.263 0.19272,51.13 42.96 -4.01,#B95982,True,17.6 74.5 14.1 3.9,0.36,75.0 44.0,0.542,0.4855,9.0 9.0
C7,plant,3,7,necrotic brown,5YR 3/4,5YR 3/4,0.4376 0.3715 0.06391,30.63 14.53 19.67,#633F2A,True,36.9 68.6 85.5 38.0,0.51,85.0 44.0,0.6261,0.4855,9.0 9.0
C8,plant,3,8,browned tissue,7.5YR 4/4,7.5YR 4/4,0.4208 0.3809 0.11701,41.01 12.21 23.65,#7C593A,True,36.1 56.9 81.2 23.9,1.2,95.0 44.0,0.7101,0.4855,9.0 9.0
C9,plant,3,9,white root / mycelium,2.5Y 9/2,2.5Y 9/2,0.339 0.3472 0.76696,90.36 1.06 15.81,#EFE2C5,True,6.3 7.8 20.4 0.0,1.68,105.0 44.0,0.7941,0.4855,9.0 9.0
C10,plant,3,10,tan root,7.5YR 7/4,7.5YR 7/4,0.3772 0.3613 0.41985,71.14 10.38 22.87,#CBA785,True,16.5 31.4 45.9 1.2,1.25,115.0 44.0,0.8782,0.4855,9.0 9.0
D1,soil,4,1,dark red,10R 3/6,10R 3/6,0.4854 0.3467 0.06391,30.69 27.25 21.11,#733529,True,27.5 80.4 83.9 35.3,1.14,25.0 54.0,0.1218,0.6304,9.0 9.0
D2,soil,4,2,red,10R 4/8,10R 4/8,0.4995 0.3557 0.11701,41.15 33.78 29.92,#9A4832,True,18.4 76.5 85.5 19.6,0.84,35.0 54.0,0.2059,0.6304,9.0 9.0
D3,soil,4,3,dark reddish brown,2.5YR 3/4,2.5YR 3/4,0.436 0.3563 0.06391,30.62 17.12 17.13,#663D2E,True,40.4 73.7 82.7 33.7,0.81,45.0 54.0,0.2899,0.6304,9.0 9.0
D4,soil,4,4,red,2.5YR 4/6,2.5YR 4/6,0.4612 0.3674 0.11701,41.08 23.5 26.52,#8C5136,True,25.9 67.8 82.7 22.0,0.52,55.0 54.0,0.3739,0.6304,9.0 9.0
D5,soil,4,5,light reddish brown,2.5YR 6/4,2.5YR 6/4,0.3806 0.3467 0.29301,61.29 14.78 17.19,#B58A76,True,24.3 44.7 48.2 1.6,0.75,65.0 54.0,0.458,0.6304,9.0 9.0
D6,soil,4,6,black,5YR 2.5/1,5YR 2.5/1,0.34667 0.33188 0.04499,25.33 4.41 4.67,#453A35,True,64.7 70.2 72.5 36.9,0.63,75.0 54.0,0.542,0.6304,9.0 9.0
D7,soil,4,7,reddish brown,5YR 4/4,5YR 4/4,0.4187 0.3679 0.11701,41.0 14.6 20.97,#7F573F,True,37.6 62.4 77.6 19.6,0.74,85.0 54.0,0.6261,0.6304,9.0 9.0
D8,soil,4,8,yellowish red,5YR 5/8,5YR 5/8,0.483 0.396 0.19272,51.46 25.24 42.32,#AE6931,True,12.2 56.5 89.8 16.1,0.93,95.0 54.0,0.7101,0.6304,9.0 9.0
D9,soil,4,9,very dark brown,7.5YR 2.5/2,7.5YR 2.5/2,0.38378 0.35722 0.04499,25.4 6.7 10.85,#4A382C,True,51.8 66.7 79.2 44.3,1.06,105.0 54.0,0.7941,0.6304,9.0 9.0
D10,soil,4,10,brown,7.5YR 4/2,7.5YR 4/2,0.3662 0.3504 0.11701,40.89 6.61 11.79,#705C4D,True,52.2 59.6 69.0 15.3,0.79,115.0 54.0,0.8782,0.6304,9.0 9.0
E1,soil,5,1,strong brown,7.5YR 5/6,7.5YR 5/6,0.444 0.3954 0.19272,51.38 16.45 34.89,#A16F3F,True,22.4 50.2 82.7 16.1,0.97,25.0 64.0,0.1218,0.7754,9.0 9.0
E2,soil,5,2,black,10YR 2/1,10YR 2/1,0.34863 0.34248 0.03048,20.31 2.61 5.46,#373029,True,65.9 71.0 74.5 47.8,0.93,35.0 64.0,0.2059,0.7754,9.0 9.0
E3,soil,5,3,very dark grayish brown,10YR 3/2,10YR 3/2,0.3747 0.363 0.06391,30.53 4.76 12.23,#544535,True,54.9 63.1 78.4 33.7,0.96,45.0 64.0,0.2899,0.7754,9.0 9.0
E4,soil,5,4,dark gray,10YR 4/1,10YR 4/1,0.33803 0.33758 0.11701,40.82 2.5 6.62,#685F56,True,59.6 57.3 63.1 13.3,2.14,55.0 64.0,0.3739,0.7754,9.0 9.0
E5,soil,5,5,brown,10YR 5/3,10YR 5/3,0.37705 0.3677 0.19272,51.23 6.33 18.97,#8D765A,True,40.4 47.5 66.3 8.2,0.77,65.0 64.0,0.458,0.7754,9.0 9.0
E6,soil,5,6,gray,10YR 6/1,10YR 6/1,0.32958 0.33223 0.29301,61.13 2.06 6.55,#9B9288,True,37.6 35.7 40.0 1.2,1.56,75.0 64.0,0.542,0.7754,9.0 9.0
E7,soil,5,7,brownish yellow,10YR 6/8,10YR 6/8,0.457 0.4249 0.29301,61.52 14.45 50.91,#BE8A36,True,10.2 37.3 89.4 13.3,1.16,85.0 64.0,0.6261,0.7754,9.0 9.0
E8,soil,5,8,very pale brown,10YR 7/3,10YR 7/3,0.36105 0.35865 0.41985,71.09 5.4 19.49,#C2AA8B,True,21.6 27.8 42.7 0.8,1.45,95.0 64.0,0.7101,0.7754,9.0 9.0
E9,soil,5,9,olive yellow,2.5Y 6/6,2.5Y 6/6,0.4203 0.4176 0.29301,61.44 6.48 41.26,#B08F4A,True,19.6 32.2 80.0 12.5,1.17,105.0 64.0,0.7941,0.7754,9.0 9.0
E10,soil,5,10,light gray,2.5Y 7/1,2.5Y 7/1,0.32683 0.33343 0.41985,70.95 0.78 7.31,#B3ADA0,True,27.1 25.1 29.4 0.4,1.09,115.0 64.0,0.8782,0.7754,9.0 9.0
G1,neutral ramp,6,1,neutral value 9.5,N9.5,N9.5,0.31006 0.31616 0.87756,95.06 0.0 -0.0,#F1F1F1,True,3.9 3.1 2.4 0.0,0.37,24.4 73.75,0.1168,0.9167,7.792 7.5
G2,neutral ramp,6,2,neutral value 9,N9,N9,0.31006 0.31616 0.76696,90.18 0.0 -0.0,#E3E3E3,True,8.2 6.7 5.1 0.0,0.5,32.69 73.75,0.1864,0.9167,7.792 7.5
G3,neutral ramp,6,3,neutral value 8,N8,N8,0.31006 0.31616 0.5762,80.53 0.0 -0.0,#C8C8C8,True,19.2 14.5 12.5 0.0,1.45,40.98 73.75,0.2561,0.9167,7.792 7.5
G4,neutral ramp,6,4,neutral value 7,N7,N7,0.31006 0.31616 0.41985,70.86 0.0 0.0,#ADADAD,True,29.4 24.3 21.6 0.0,0.09,49.27 73.75,0.3258,0.9167,7.792 7.5
G5,neutral ramp,6,5,neutral value 6,N6,N6,0.31006 0.31616 0.29301,61.05 0.0 -0.0,#939393,True,41.6 34.5 31.4 0.8,1.74,57.56 73.75,0.3955,0.9167,7.792 7.5
G6,neutral ramp,6,6,neutral value 5,N5,N5,0.31006 0.31616 0.19272,51.0 0.0 -0.0,#797979,True,54.1 46.3 42.7 2.7,0.98,65.85 73.75,0.4652,0.9167,7.792 7.5
G7,neutral ramp,6,7,neutral value 4,N4,N4,0.31006 0.31616 0.11701,40.74 0.0 -0.0,#606060,True,66.3 58.4 54.5 9.0,1.73,74.15 73.75,0.5348,0.9167,7.792 7.5
G8,neutral ramp,6,8,neutral value 3.5,N3.5,N3.5,0.31006 0.31616 0.08778,35.55 0.0 -0.0,#545454,True,71.4 64.3 60.0 14.5,1.46,82.44 73.75,0.6045,0.9167,7.792 7.5
G9,neutral ramp,6,9,neutral value 3,N3,N3,0.31006 0.31616 0.06391,30.38 0.0 0.0,#474848,True,75.3 69.4 64.7 22.4,0.45,90.73 73.75,0.6742,0.9167,7.792 7.5
G10,neutral ramp,6,10,neutral value 2.5,N2.5,N2.5,0.31006 0.31616 0.04499,25.26 0.0 0.0,#3C3C3C,True,77.6 72.9 69.4 30.6,1.51,99.02 73.75,0.7439,0.9167,7.792 7.5
G11,neutral ramp,6,11,neutral value 2,N2,N2,0.31006 0.31616 0.03048,20.24 0.0 0.0,#313131,True,79.2 75.3 71.4 40.4,1.46,107.31 73.75,0.8136,0.9167,7.792 7.5
G12,neutral ramp,6,12,neutral value 1.5,N1.5,N1.5,0.31006 0.31616 0.01971,15.33 0.0 -0.0,#262626,True,79.6 75.7 71.4 52.9,1.45,115.6 73.75,0.8832,0.9167,7.792 7.5
